Filename,Extracted Values
X8XUG1JD,
X8XX0C57,
X8XX02AX,
X8XX0ANN,
X8XX0BU1,
X8XX0CEA,
X8XX00J6,
X8XX00LL,
X8XX00MX,
X8XX000W,
X8XX00YW,
X8XX01EH,
X8XX01EP,
X8XX01IX,
X8XX01SZ,
X8XX01TN,
X8XX01TV,
X8XX02N7,
X8XX02SY,
X8XX03IJ,
X8XX03S9,
X8XX07H7,
X8XX036G,
X8XX0137,
X8XX0196,
X8XZI9MH,
X8XZI9Y0,
X8XZI954,
X8XZIB3U,
X8XZIBDK,
X8XZIBXE,
X8XZIBZD,
X8XZICIB,
X8XZICNE,
X8XZICQX,
X8XZIDG2,
X8XZIDMH,
X8XZIE17,
X8XZIEI1,
X8XZIF16,
X8XZIFE8,
X8XZIFNV,
X8XZIFZL,
X8XZIG2X,
X8XZIGW8,
X8XZIIRN,
X8XZIIW2,
X8XZIIYQ,
X8XZIJC8,
X8XZIKDF,
X8XZIKJ6,
X8XZIKOX,
X8XZIMDT,
X8XZIMKG,
X8XZIML4,
X8XZIMQ3,
X8XZIN35,
X8XZINN6,
X8XZIO5G,
X8XZIOFU,
X8XZIOKY,
X8XZIOV4,
X8XZIOXK,
X8XZIP1V,
X8XZIPBM,
X8XZIPGP,
X8XZIPWZ,
X8XZIQ16,
X8XZIQEG,
X8XZIR1E,
X8XZIR3U,
X8XZIR7V,
X8XZIRI8,
X8XZIS4B,
X8XZIS7K,
X8XZIS17,
X8XZISVF,
X8XZIT2O,
X8XZITQ8,
X8XZIUTL,
X8XZIV4B,
X8XZIVMX,
X8XZIW68,
X8XZIWEH,
X8XZIWI2,
X8Y2EPBT,
X8Y2EPNN,
X8Y2EPVK,
X8Y2ER1U,
X8Y2ESHT,
X8Y2ESJM,
X8Y2ESK2,
X8Y2ETEY,
X8Y2ETP7,
X8Y2EUWP,
X8Y2EY7M,
X8Y2EYGW,
X8Y2EYNK,
X8Y2EZ9S,
X8Y2EZF0,
X8Y2EZHT,
X8Y2F0HE,
X8Y2F0L6,
X8Y2F3JL,
X8Y2F3V7,
X8Y2F4BD,
X8Y2F4HM,
X8Y2F4YW,
X8Y2F14H,
X8Y2F34B,
X8Y2F337,
X8Y4QL1E,
X8Y4QNO9,
X8Y4QNPL,
X8Y4QNRD,
X8Y4QO1V,
X8Y4QO6V,
X8Y4QORK,
X8Y4QP5M,
X8Y4QPFS,
X8Y4QRBV,
X8Y4QSJK,
X8Y4QSMO,
X8Y4QSOG,
X8Y4QT61,
X8Y4QUNU,
X8Y4QUTD,
X8Y4QVGI,
X8Y4QVOX,
X8Y4QVUG,
X8Y4QW2Z,
X8Y4QWEH,
X8Y4QX4H,
X8Y4QXRM,
X8Y4QXYP,
X8Y4QZ0O,
X8Y4QZEX,
X8Y4QZFL,
X8Y4R0K3,
X8Y4R1VE,
X8Y4R1X6,
X8Y4R2E0,
X8Y4R2LT,
X8Y4R2OQ,
X8Y4R2T6,
X8Y4R2TV,
X8Y4R4EZ,
X8Y4R4QG,
X8Y4R5PL,
X8Y4R7EY,
X8Y4R7MZ,
X8Y4R8QG,
X8Y4R8UH,
X8Y4R014,
X8Y4R66O,
X8Y4R88A,
X8Y4R942,
X8Y4RB69,
X8Y4RCC3,
X8Y4RCN0,
X8Y4RE7S,
X8Y4REEP,
X8Y4REMA,
X8Y4RFD6,
X8Y4RG7U,
X8Y4RGAB,
X8Y4RH9C,
X8Y4RHX7,
X8Y4RI3S,
X8Y4RJKJ,
X8Y4RKWI,
X8Y4RL0B,
X8Y4RLJL,
X8Y4RLLM,
X8Y4RM4W,
X8Y4RM48,
X8Y4RMKR,
X8Y4RP2J,
X8Y4RPRV,
X8Y4RPXC,
X8Y4RQMB,
X8Y4RR01,
X8Y4RREB,
X8Y4RSXR,
X8Y4RTW8,
X8Y4RU81,
X8Y4RUDE,
X8Y4RUPK,
X8Y4RV3M,
X8Y4RVQH,
X8Y4RWLD,
X8Y4RX03,
X8Y4RX54,
X8Y4RXDD,
X8Y4RYWX,
X8Y4RZAZ,
X8Y4RZKO,
X8Y4RZMH,
X8Y4S1CP,
X8Y4S1RV,
X8Y4S2W9,
X8Y4S3MP,
X8Y4S3PL,
X8Y4S3QX,
X8Y4S3RE,
X8Y4S3T6,
X8Y4S3TU,
X8Y4S3VE,
X8Y4S4OI,
X8Y4S6AA,
X8Y4S7YB,
X8Y4S08G,
X8Y4S8TF,
X8Y4S9F6,
X8Y4S037,
X8Y4S41N,
X8Y4S57L,
X8Y4S66I,
X8Y4S969,
X8Y4SA4Q,
X8Y4SBPU,
X8Y4SDBE,
X8Y4SE57,
X8Y4SESG,
X8Y4SEYR,
X8Y4SF81,
X8Y4SFA1,
X8Y4SFD5,
X8Y4SFR7,
X8Y4SHTK,
X8Y4SINS,
X8Y4SIQW,
X8Y4SJNN,
X8Y4SKV5,
X8Y4SLB7,
X8Y4SLGQ,
X8Y4WJSR,
X8Y4WKMB,
X8Y26BQO,
X8Y26QBM,
X8Y28A2W,
X8Y28AFV,
X8Y28AR5,
X8Y28AVS,
X8Y28BDM,
X8Y28C76,
X8Y28CDT,
X8Y28DCG,
X8Y28DNU,
X8Y28E4O,
X8Y28E9V,
X8Y28E20,
X8Y28E28,
X8Y28EQP,
X8Y28GDT,
X8Y28GK0,
X8Y28GVE,
X8Y28HC0,
X8Y28HHV,
X8Y28HNM,
X8Y28HSH,
X8Y28IC3,
X8Y28ICZ,
X8Y28IWG,
X8Y28IYR,
X8Y28J3N,
X8Y28JG1,
X8Y28JLK,
X8Y28KH4,
X8Y28KR6,
X8Y28KZ5,
X8Y28LEJ,
X8Y28LXS,
X8Y28M57,
X8Y28MBM,
X8Y28MDM,
X8Y28MNT,
X8Y28MOH,
X8Y28NCP,
X8Y28NOG,
X8Y28OE8,
X8Y28OLN,
X8Y287W0,
X8Y289DK,
X8Y2878B,
X8Y28615,
X8Y4TUMQ,
X8Y4TUOQ,
X8Y4TUUB,
X8Y4TV08,
X8Y4TV40,
X8Y4TVGA,
X8Y4TVKZ,
X8Y4TW66,
X8Y4TXQQ,
X8Y4TYE1,
X8Y4TYSR,
X8Y4TZRK,
X8Y4TZVK,
X8Y4U0G3,
X8Y4U0RL,
X8Y4U0TL,
X8Y4U0VT,
X8Y4U2BD,
X8Y4U37L,
X8Y4U3IJ,
X8Y4U3UP,
X8Y4U4O1,
X8Y4U4ZM,
X8Y4U51F,
X8Y4U5TV,
X8Y4U6QJ,
X8Y4U77U,
X8Y4U81M,
X8Y4U856,
X8Y4U8BF,
X8Y4U8V6,
X8Y4U8YA,
X8Y4U963,
X8Y4U974,
X8Y4U9G1,
X8Y4UBJF,
X8Y4UBL0,
X8Y4UBMG,
X8Y4UC77,
X8Y4UCJL,
X8Y4UCQQ,
X8Y4UDKA,
X8Y4UDNM,
X8Y4UDTN,
X8Y4UECQ,
X8Y4UESO,
X8Y4UEZT,
X8Y4UF29,
X8Y4UF5E,
X8Y4UFO8,
X8Y4UFZM,
X8Y4UGJT,
X8Y4UGVM,
X8Y4UI1O,
X8Y4UI8P,
X8Y4UJ1T,
X8Y4UKE8,
X8Y4UKFK,
X8Y4UKFS,
X8Y4UL4G,
X8Y4UL6O,
X8Y4ULBL,
X8Y4ULYO,
X8Y4UMQ0,
X8Y4UN56,
X8Y4UNU2,
X8Y4UNWI,
X8Y4UOIX,
X8Y4UOLU,
X8Y4UPU8,
X8Y4UQ41,
X8Y4URUI,
X8Y4URYJ,
X8Y4USA0,
X8Y4UT0O,
X8Y4UT4O,
X8Y4UT6H,
X8Y4UU5U,
X8Y4UUKG,
X8Y4UVSY,
X8Y4UWY8,
X8Y4UX4H,
X8Y4UX4P,
X8Y4UZY3,
X8Y4V0F5,
X8Y4V15T,
X8Y4V20P,
X8Y4V357,
X8Y4V3VF,
X8Y4V4OJ,
X8Y4V4PZ,
X8Y4V5QG,
X8Y4V6A3,
X8Y4V6N5,
X8Y4V6QP,
X8Y4V8QX,
X8Y4V99N,
X8Y4VBTE,
X8Y4VCSX,
X8Y4VEBL,
X8Y4VEGH,
X8Y4VEGP,
X8Y4VFQQ,
X8Y4VG20,
X8Y4VGOP,
X8Y4VH6B,
X8Y4VHCY,
X8Y4VHOG,
X8Y4VIGO,
X8Y4VIS3,
X8Y4VJ5T,
X8Y4VJF3,
X8Y4VL1F,
X8Y4VLLC,
X8Y4VMKJ,
X8Y4VNMA,
X8Y4VOB7,
X8Y4VOCB,
X8Y4VOS8,
X8Y4VPEP,
X8Y4VQ55,
X8Y4VR7S,
X8Y4VRIA,
X8Y4VS77,
X8Y4VSM1,
X8Y4VSM9,
X8Y4VTL4,
X8Y4VTZ6,
X8Y4W2I3,
X8Y4W2YH,
X8Y4W2YW,
X8Y4W3ZF,
X8Y4W423,
X8Y4W4EP,
X8Y4W6ER,
X8Y4W7RS,
X8Y4W7ZV,
X8Y4W876,
X8Y4W8G9,
X8Y4W91U,
X8Y4WAVC,
X8Y4WB00,
X8Y4WDTE,
X8Y4WDW9,
X8Y4WFEP,
X8Y4WFMO,
X8Y4WHBC,
X8Y4WHHN,
X8Y4WJGP,
X8Y4WJNS,
X8Y4SMXM,
X8Y4SNUY,
X8Y4SNXT,
X8Y4SOZS,
X8Y4SP1S,
X8Y4SP8R,
X8Y4SP28,
X8Y4SPSO,
X8Y4SR0I,
X8Y4SRG8,
X8Y4STP4,
X8Y4STUZ,
X8Y4SWO1,
X8Y4SWQ1,
X8Y4SWQH,
X8Y4SXX7,
X8Y4SXZU,
X8Y4SYH4,
X8Y4SZ5L,
X8Y4SZOY,
X8Y4T0LT,
X8Y4T1Q0,
X8Y4T2MJ,
X8Y4T2OB,
X8Y4T3KA,
X8Y4T6GG,
X8Y4T6RU,
X8Y4T6W9,
X8Y4T8NS,
X8Y4T8P4,
X8Y4T8PC,
X8Y4T9BL,
X8Y4T68H,
X8Y4T78O,
X8Y4T788,
X8Y4TAXD,
X8Y4TBSP,
X8Y4TCB6,
X8Y4TCWB,
X8Y4TD22,
X8Y4TDK0,
X8Y4TDOJ,
X8Y4TFAZ,
X8Y4TG1N,
X8Y4TGZ6,
X8Y4THD4,
X8Y4TJ1O,
X8Y4TJ1S,
X8Y4TKGH,
X8Y4TKLK,
X8Y4TKPN,
X8Y4TLIR,
X8Y4TOYI,
X8Y4TQB7,
X8Y4TQBN,
X8Y4TU43,
X8XZIBOZ,
X8XZINW9,
X8Y4QNJE,
X8Y4QWQB,
X8Y4RM8X,
X8Y4SRGR,
X8Y4TD2I,
X8Y4TGYA,
